[
    {
        "name": "Paris",
        "zip": "75000",
        "population": 2161000,
        "coords": {
            "lat": 48.8566,
            "lng": 2.3522
        },
        "category": [
            "france_metropole",
            "capital"
        ]
    },
    {
        "name": "Marseille",
        "zip": "13000",
        "population": 861635,
        "coords": {
            "lat": 43.2965,
            "lng": 5.3698
        },
        "category": [
            "france_metropole"
        ]
    },
    {
        "name": "Lyon",
        "zip": "69000",
        "population": 513275,
        "coords": {
            "lat": 45.764,
            "lng": 4.8357
        },
        "category": [
            "france_metropole"
        ]
    },
    {
        "name": "Toulouse",
        "zip": "31000",
        "population": 471941,
        "coords": {
            "lat": 43.6047,
            "lng": 1.4442
        },
        "category": [
            "france_metropole",
            "haute_garonne"
        ]
    },
    {
        "name": "Nice",
        "zip": "06000",
        "population": 342522,
        "coords": {
            "lat": 43.7102,
            "lng": 7.262
        },
        "category": [
            "france_metropole"
        ]
    },
    {
        "name": "Nantes",
        "zip": "44000",
        "population": 309346,
        "coords": {
            "lat": 47.2184,
            "lng": -1.5536
        },
        "category": [
            "france_metropole",
            "loire_atlantique"
        ]
    },
    {
        "name": "Montpellier",
        "zip": "34000",
        "population": 277639,
        "coords": {
            "lat": 43.6108,
            "lng": 3.8767
        },
        "category": [
            "france_metropole"
        ]
    },
    {
        "name": "Strasbourg",
        "zip": "67000",
        "population": 277270,
        "coords": {
            "lat": 48.5734,
            "lng": 7.7521
        },
        "category": [
            "france_metropole"
        ]
    },
    {
        "name": "Bordeaux",
        "zip": "33000",
        "population": 249712,
        "coords": {
            "lat": 44.8378,
            "lng": -0.5792
        },
        "category": [
            "france_metropole"
        ]
    },
    {
        "name": "Lille",
        "zip": "59000",
        "population": 232741,
        "coords": {
            "lat": 50.6292,
            "lng": 3.0573
        },
        "category": [
            "france_metropole"
        ]
    },
    {
        "name": "Rennes",
        "zip": "35000",
        "population": 215366,
        "coords": {
            "lat": 48.1173,
            "lng": -1.6778
        },
        "category": [
            "france_metropole"
        ]
    },
    {
        "name": "Reims",
        "zip": "51100",
        "population": 182460,
        "coords": {
            "lat": 49.2583,
            "lng": 4.0317
        },
        "category": [
            "france_metropole"
        ]
    },
    {
        "name": "Le Havre",
        "zip": "76600",
        "population": 172366,
        "coords": {
            "lat": 49.4944,
            "lng": 0.1079
        },
        "category": [
            "france_metropole"
        ]
    },
    {
        "name": "Saint-Étienne",
        "zip": "42000",
        "population": 171057,
        "coords": {
            "lat": 45.4397,
            "lng": 4.3872
        },
        "category": [
            "france_metropole"
        ]
    },
    {
        "name": "Toulon",
        "zip": "83000",
        "population": 167479,
        "coords": {
            "lat": 43.1242,
            "lng": 5.928
        },
        "category": [
            "france_metropole"
        ]
    },
    {
        "name": "Grenoble",
        "zip": "38000",
        "population": 160649,
        "coords": {
            "lat": 45.1885,
            "lng": 5.7245
        },
        "category": [
            "france_metropole"
        ]
    },
    {
        "name": "Dijon",
        "zip": "21000",
        "population": 156920,
        "coords": {
            "lat": 47.322,
            "lng": 5.0415
        },
        "category": [
            "france_metropole"
        ]
    },
    {
        "name": "Angers",
        "zip": "49000",
        "population": 152960,
        "coords": {
            "lat": 47.4784,
            "lng": -0.5632
        },
        "category": [
            "france_metropole"
        ]
    },
    {
        "name": "Nîmes",
        "zip": "30000",
        "population": 150610,
        "coords": {
            "lat": 43.8367,
            "lng": 4.3601
        },
        "category": [
            "france_metropole"
        ]
    },
    {
        "name": "Villeurbanne",
        "zip": "69100",
        "population": 147712,
        "coords": {
            "lat": 45.772,
            "lng": 4.8902
        },
        "category": [
            "france_metropole"
        ]
    },
    {
        "name": "Saint-Denis",
        "zip": "97400",
        "population": 146860,
        "coords": {
            "lat": -20.8823,
            "lng": 55.4504
        },
        "category": [
            "france_dom"
        ]
    },
    {
        "name": "Le Mans",
        "zip": "72000",
        "population": 142946,
        "coords": {
            "lat": 48.0061,
            "lng": 0.1996
        },
        "category": [
            "france_metropole"
        ]
    },
    {
        "name": "Aix-en-Provence",
        "zip": "13100",
        "population": 141438,
        "coords": {
            "lat": 43.5297,
            "lng": 5.4474
        },
        "category": [
            "france_metropole"
        ]
    },
    {
        "name": "Clermont-Ferrand",
        "zip": "63000",
        "population": 141398,
        "coords": {
            "lat": 45.7772,
            "lng": 3.087
        },
        "category": [
            "france_metropole"
        ]
    },
    {
        "name": "Brest",
        "zip": "29200",
        "population": 139126,
        "coords": {
            "lat": 48.3904,
            "lng": -4.4861
        },
        "category": [
            "france_metropole"
        ]
    },
    {
        "name": "Tours",
        "zip": "37000",
        "population": 136252,
        "coords": {
            "lat": 47.3941,
            "lng": 0.6848
        },
        "category": [
            "france_metropole"
        ]
    },
    {
        "name": "Limoges",
        "zip": "87000",
        "population": 132175,
        "coords": {
            "lat": 45.8336,
            "lng": 1.2611
        },
        "category": [
            "france_metropole"
        ]
    },
    {
        "name": "Amiens",
        "zip": "80000",
        "population": 132699,
        "coords": {
            "lat": 49.8941,
            "lng": 2.2957
        },
        "category": [
            "france_metropole"
        ]
    },
    {
        "name": "Annecy",
        "zip": "74000",
        "population": 126924,
        "coords": {
            "lat": 45.8992,
            "lng": 6.1294
        },
        "category": [
            "france_metropole"
        ]
    },
    {
        "name": "Perpignan",
        "zip": "66000",
        "population": 120158,
        "coords": {
            "lat": 42.6986,
            "lng": 2.8956
        },
        "category": [
            "france_metropole"
        ]
    },
    {
        "name": "Boulogne-Billancourt",
        "zip": "92100",
        "population": 117931,
        "coords": {
            "lat": 48.8397,
            "lng": 2.2399
        },
        "category": [
            "france_metropole"
        ]
    },
    {
        "name": "Metz",
        "zip": "57000",
        "population": 116429,
        "coords": {
            "lat": 49.1193,
            "lng": 6.1757
        },
        "category": [
            "france_metropole"
        ]
    },
    {
        "name": "Besançon",
        "zip": "25000",
        "population": 115934,
        "coords": {
            "lat": 47.2378,
            "lng": 6.0241
        },
        "category": [
            "france_metropole"
        ]
    },
    {
        "name": "Orléans",
        "zip": "45000",
        "population": 114644,
        "coords": {
            "lat": 47.903,
            "lng": 1.9093
        },
        "category": [
            "france_metropole"
        ]
    },
    {
        "name": "Saint-Denis",
        "zip": "93200",
        "population": 111135,
        "coords": {
            "lat": 48.9362,
            "lng": 2.3574
        },
        "category": [
            "france_metropole"
        ]
    },
    {
        "name": "Rouen",
        "zip": "76000",
        "population": 110169,
        "coords": {
            "lat": 49.4432,
            "lng": 1.0999
        },
        "category": [
            "france_metropole"
        ]
    },
    {
        "name": "Argenteuil",
        "zip": "95100",
        "population": 110210,
        "coords": {
            "lat": 48.948,
            "lng": 2.2488
        },
        "category": [
            "france_metropole"
        ]
    },
    {
        "name": "Montreuil",
        "zip": "93100",
        "population": 109897,
        "coords": {
            "lat": 48.8638,
            "lng": 2.4484
        },
        "category": [
            "france_metropole"
        ]
    },
    {
        "name": "Mulhouse",
        "zip": "68100",
        "population": 108942,
        "coords": {
            "lat": 47.7508,
            "lng": 7.3359
        },
        "category": [
            "france_metropole"
        ]
    },
    {
        "name": "Caen",
        "zip": "14000",
        "population": 105354,
        "coords": {
            "lat": 49.1829,
            "lng": -0.3707
        },
        "category": [
            "france_metropole"
        ]
    },
    {
        "name": "Nancy",
        "zip": "54000",
        "population": 104885,
        "coords": {
            "lat": 48.6921,
            "lng": 6.1844
        },
        "category": [
            "france_metropole"
        ]
    },
    {
        "name": "Tourcoing",
        "zip": "59200",
        "population": 97368,
        "coords": {
            "lat": 50.7239,
            "lng": 3.1612
        },
        "category": [
            "france_metropole"
        ]
    },
    {
        "name": "Roubaix",
        "zip": "59100",
        "population": 96990,
        "coords": {
            "lat": 50.6927,
            "lng": 3.1779
        },
        "category": [
            "france_metropole"
        ]
    },
    {
        "name": "Nanterre",
        "zip": "92000",
        "population": 95105,
        "coords": {
            "lat": 48.8926,
            "lng": 2.2071
        },
        "category": [
            "france_metropole"
        ]
    },
    {
        "name": "Vitry-sur-Seine",
        "zip": "94400",
        "population": 94649,
        "coords": {
            "lat": 48.7885,
            "lng": 2.3929
        },
        "category": [
            "france_metropole"
        ]
    },
    {
        "name": "Créteil",
        "zip": "94000",
        "population": 92265,
        "coords": {
            "lat": 48.777,
            "lng": 2.4531
        },
        "category": [
            "france_metropole"
        ]
    },
    {
        "name": "Avignon",
        "zip": "84000",
        "population": 91921,
        "coords": {
            "lat": 43.9493,
            "lng": 4.8055
        },
        "category": [
            "france_metropole"
        ]
    },
    {
        "name": "Poitiers",
        "zip": "86000",
        "population": 88665,
        "coords": {
            "lat": 46.5802,
            "lng": 0.3404
        },
        "category": [
            "france_metropole"
        ]
    },
    {
        "name": "Aubervilliers",
        "zip": "93300",
        "population": 87572,
        "coords": {
            "lat": 48.9131,
            "lng": 2.3832
        },
        "category": [
            "france_metropole"
        ]
    },
    {
        "name": "Dunkerque",
        "zip": "59140",
        "population": 86865,
        "coords": {
            "lat": 51.0343,
            "lng": 2.3768
        },
        "category": [
            "france_metropole"
        ]
    },
    {
        "name": "London",
        "zip": "",
        "population": 8982000,
        "coords": {
            "lat": 51.5074,
            "lng": -0.1278
        },
        "category": [
            "world_capital"
        ]
    },
    {
        "name": "Berlin",
        "zip": "",
        "population": 3645000,
        "coords": {
            "lat": 52.52,
            "lng": 13.405
        },
        "category": [
            "world_capital"
        ]
    },
    {
        "name": "Madrid",
        "zip": "",
        "population": 3223000,
        "coords": {
            "lat": 40.4168,
            "lng": -3.7038
        },
        "category": [
            "world_capital"
        ]
    },
    {
        "name": "Rome",
        "zip": "",
        "population": 2873000,
        "coords": {
            "lat": 41.9028,
            "lng": 12.4964
        },
        "category": [
            "world_capital"
        ]
    },
    {
        "name": "Washington, D.C.",
        "zip": "",
        "population": 689545,
        "coords": {
            "lat": 38.9072,
            "lng": -77.0369
        },
        "category": [
            "world_capital"
        ]
    },
    {
        "name": "Beijing",
        "zip": "",
        "population": 21540000,
        "coords": {
            "lat": 39.9042,
            "lng": 116.4074
        },
        "category": [
            "world_capital"
        ]
    },
    {
        "name": "Tokyo",
        "zip": "",
        "population": 13960000,
        "coords": {
            "lat": 35.6762,
            "lng": 139.6503
        },
        "category": [
            "world_capital"
        ]
    },
    {
        "name": "Moscow",
        "zip": "",
        "population": 11920000,
        "coords": {
            "lat": 55.7558,
            "lng": 37.6173
        },
        "category": [
            "world_capital"
        ]
    },
    {
        "name": "Canberra",
        "zip": "",
        "population": 395790,
        "coords": {
            "lat": -35.2809,
            "lng": 149.13
        },
        "category": [
            "world_capital"
        ]
    },
    {
        "name": "Brasilia",
        "zip": "",
        "population": 3055000,
        "coords": {
            "lat": -15.8267,
            "lng": -47.9218
        },
        "category": [
            "world_capital"
        ]
    },
    {
        "name": "Ottawa",
        "zip": "",
        "population": 934243,
        "coords": {
            "lat": 45.4215,
            "lng": -75.6972
        },
        "category": [
            "world_capital"
        ]
    },
    {
        "name": "New Delhi",
        "zip": "",
        "population": 21750000,
        "coords": {
            "lat": 28.6139,
            "lng": 77.209
        },
        "category": [
            "world_capital"
        ]
    },
    {
        "name": "Cairo",
        "zip": "",
        "population": 9840000,
        "coords": {
            "lat": 30.0444,
            "lng": 31.2357
        },
        "category": [
            "world_capital"
        ]
    },
    {
        "name": "Buenos Aires",
        "zip": "",
        "population": 2890000,
        "coords": {
            "lat": -34.6037,
            "lng": -58.3816
        },
        "category": [
            "world_capital"
        ]
    },
    {
        "name": "Pretoria",
        "zip": "",
        "population": 741651,
        "coords": {
            "lat": -25.7479,
            "lng": 28.2293
        },
        "category": [
            "world_capital"
        ]
    },
    {
        "name": "Bangkok",
        "zip": "",
        "population": 8280000,
        "coords": {
            "lat": 13.7563,
            "lng": 100.5018
        },
        "category": [
            "world_capital"
        ]
    },
    {
        "name": "Seoul",
        "zip": "",
        "population": 9776000,
        "coords": {
            "lat": 37.5665,
            "lng": 126.978
        },
        "category": [
            "world_capital"
        ]
    },
    {
        "name": "Jakarta",
        "zip": "",
        "population": 10560000,
        "coords": {
            "lat": -6.2088,
            "lng": 106.8456
        },
        "category": [
            "world_capital"
        ]
    },
    {
        "name": "Riyadh",
        "zip": "",
        "population": 7676000,
        "coords": {
            "lat": 24.7136,
            "lng": 46.6753
        },
        "category": [
            "world_capital"
        ]
    },
    {
        "name": "Ankara",
        "zip": "",
        "population": 5663000,
        "coords": {
            "lat": 39.9334,
            "lng": 32.8597
        },
        "category": [
            "world_capital"
        ]
    },
    {
        "name": "Wellington",
        "zip": "",
        "population": 215400,
        "coords": {
            "lat": -41.2865,
            "lng": 174.7762
        },
        "category": [
            "world_capital"
        ]
    },
    {
        "name": "Bern",
        "zip": "",
        "population": 133883,
        "coords": {
            "lat": 46.948,
            "lng": 7.4474
        },
        "category": [
            "world_capital"
        ]
    },
    {
        "name": "Brussels",
        "zip": "",
        "population": 1218000,
        "coords": {
            "lat": 50.8503,
            "lng": 4.3517
        },
        "category": [
            "world_capital"
        ]
    },
    {
        "name": "Lisbon",
        "zip": "",
        "population": 504718,
        "coords": {
            "lat": 38.7223,
            "lng": -9.1393
        },
        "category": [
            "world_capital"
        ]
    },
    {
        "name": "Stockholm",
        "zip": "",
        "population": 975551,
        "coords": {
            "lat": 59.3293,
            "lng": 18.0686
        },
        "category": [
            "world_capital"
        ]
    },
    {
        "name": "Oslo",
        "zip": "",
        "population": 634293,
        "coords": {
            "lat": 59.9139,
            "lng": 10.7522
        },
        "category": [
            "world_capital"
        ]
    },
    {
        "name": "Copenhagen",
        "zip": "",
        "population": 602481,
        "coords": {
            "lat": 55.6761,
            "lng": 12.5683
        },
        "category": [
            "world_capital"
        ]
    },
    {
        "name": "Helsinki",
        "zip": "",
        "population": 631695,
        "coords": {
            "lat": 60.1699,
            "lng": 24.9384
        },
        "category": [
            "world_capital"
        ]
    },
    {
        "name": "Amsterdam",
        "zip": "",
        "population": 821752,
        "coords": {
            "lat": 52.3676,
            "lng": 4.9041
        },
        "category": [
            "world_capital"
        ]
    },
    {
        "name": "Warsaw",
        "zip": "",
        "population": 1790658,
        "coords": {
            "lat": 52.2297,
            "lng": 21.0122
        },
        "category": [
            "world_capital"
        ]
    },
    {
        "name": "Vienna",
        "zip": "",
        "population": 1911000,
        "coords": {
            "lat": 48.2082,
            "lng": 16.3738
        },
        "category": [
            "world_capital"
        ]
    },
    {
        "name": "Athens",
        "zip": "",
        "population": 664046,
        "coords": {
            "lat": 37.9838,
            "lng": 23.7275
        },
        "category": [
            "world_capital"
        ]
    },
    {
        "name": "La Rochelle",
        "zip": "17000",
        "population": 79851,
        "coords": {
            "lat": 46.16,
            "lng": -1.15
        },
        "category": [
            "france_metropole"
        ]
    },
    {
        "name": "Pau",
        "zip": "64000",
        "population": 80441,
        "coords": {
            "lat": 43.3,
            "lng": -0.37
        },
        "category": [
            "france_metropole"
        ]
    },
    {
        "name": "Calais",
        "zip": "62100",
        "population": 67571,
        "coords": {
            "lat": 50.9481,
            "lng": 1.8564
        },
        "category": [
            "france_metropole"
        ]
    },
    {
        "name": "Cannes",
        "zip": "06400",
        "population": 74350,
        "coords": {
            "lat": 43.5513,
            "lng": 7.0128
        },
        "category": [
            "france_metropole"
        ]
    },
    {
        "name": "Béziers",
        "zip": "34500",
        "population": 81545,
        "coords": {
            "lat": 43.3476,
            "lng": 3.219
        },
        "category": [
            "france_metropole"
        ]
    },
    {
        "name": "Colmar",
        "zip": "68000",
        "population": 66970,
        "coords": {
            "lat": 48.0817,
            "lng": 7.3556
        },
        "category": [
            "france_metropole"
        ]
    },
    {
        "name": "Bourges",
        "zip": "18000",
        "population": 64186,
        "coords": {
            "lat": 47.0844,
            "lng": 2.3964
        },
        "category": [
            "france_metropole"
        ]
    },
    {
        "name": "Quimper",
        "zip": "29000",
        "population": 64385,
        "coords": {
            "lat": 47.9967,
            "lng": -4.0964
        },
        "category": [
            "france_metropole"
        ]
    },
    {
        "name": "Ajaccio",
        "zip": "20000",
        "population": 76320,
        "coords": {
            "lat": 41.9267,
            "lng": 8.7369
        },
        "category": [
            "france_metropole"
        ]
    },
    {
        "name": "Valence",
        "zip": "26000",
        "population": 64458,
        "coords": {
            "lat": 44.9333,
            "lng": 4.8917
        },
        "category": [
            "france_metropole"
        ]
    },
    {
        "name": "Troyes",
        "zip": "10000",
        "population": 62088,
        "coords": {
            "lat": 48.2997,
            "lng": 4.0792
        },
        "category": [
            "france_metropole"
        ]
    },
    {
        "name": "Chambéry",
        "zip": "73000",
        "population": 59964,
        "coords": {
            "lat": 45.5665,
            "lng": 5.9207
        },
        "category": [
            "france_metropole"
        ]
    },
    {
        "name": "Saint-Malo",
        "zip": "35400",
        "population": 47439,
        "coords": {
            "lat": 48.6494,
            "lng": -2.0261
        },
        "category": [
            "france_metropole"
        ]
    },
    {
        "name": "Bayonne",
        "zip": "64100",
        "population": 54306,
        "coords": {
            "lat": 43.49,
            "lng": -1.48
        },
        "category": [
            "france_metropole"
        ]
    },
    {
        "name": "Bastia",
        "zip": "20200",
        "population": 46867,
        "coords": {
            "lat": 42.6973,
            "lng": 9.4509
        },
        "category": [
            "france_metropole"
        ]
    },
    {
        "name": "Carcassonne",
        "zip": "11000",
        "population": 46080,
        "coords": {
            "lat": 43.2133,
            "lng": 2.3508
        },
        "category": [
            "france_metropole"
        ]
    },
    {
        "name": "Colomiers",
        "zip": "31770",
        "population": 38951,
        "coords": {
            "lat": 43.6133,
            "lng": 1.3366
        },
        "category": [
            "france_metropole",
            "haute_garonne"
        ]
    },
    {
        "name": "Tournefeuille",
        "zip": "31170",
        "population": 26962,
        "coords": {
            "lat": 43.5853,
            "lng": 1.3444
        },
        "category": [
            "france_metropole",
            "haute_garonne"
        ]
    },
    {
        "name": "Blagnac",
        "zip": "31700",
        "population": 25152,
        "coords": {
            "lat": 43.6339,
            "lng": 1.3969
        },
        "category": [
            "france_metropole",
            "haute_garonne"
        ]
    },
    {
        "name": "Muret",
        "zip": "31600",
        "population": 24945,
        "coords": {
            "lat": 43.461,
            "lng": 1.3266
        },
        "category": [
            "france_metropole",
            "haute_garonne"
        ]
    },
    {
        "name": "Cugnaux",
        "zip": "31270",
        "population": 18267,
        "coords": {
            "lat": 43.5386,
            "lng": 1.3322
        },
        "category": [
            "france_metropole",
            "haute_garonne"
        ]
    },
    {
        "name": "Plaisance-du-Touch",
        "zip": "31830",
        "population": 18888,
        "coords": {
            "lat": 43.565,
            "lng": 1.2961
        },
        "category": [
            "france_metropole",
            "haute_garonne"
        ]
    },
    {
        "name": "Balma",
        "zip": "31130",
        "population": 16569,
        "coords": {
            "lat": 43.6125,
            "lng": 1.4994
        },
        "category": [
            "france_metropole",
            "haute_garonne"
        ]
    },
    {
        "name": "Ramonville-Saint-Agne",
        "zip": "31520",
        "population": 14467,
        "coords": {
            "lat": 43.5469,
            "lng": 1.4764
        },
        "category": [
            "france_metropole",
            "haute_garonne"
        ]
    },
    {
        "name": "Castanet-Tolosan",
        "zip": "31320",
        "population": 13811,
        "coords": {
            "lat": 43.5164,
            "lng": 1.4986
        },
        "category": [
            "france_metropole",
            "haute_garonne"
        ]
    },
    {
        "name": "Fonsorbes",
        "zip": "31470",
        "population": 12036,
        "coords": {
            "lat": 43.5369,
            "lng": 1.2294
        },
        "category": [
            "france_metropole",
            "haute_garonne"
        ]
    },
    {
        "name": "L'Union",
        "zip": "31240",
        "population": 11715,
        "coords": {
            "lat": 43.6558,
            "lng": 1.4853
        },
        "category": [
            "france_metropole",
            "haute_garonne"
        ]
    },
    {
        "name": "Saint-Gaudens",
        "zip": "31800",
        "population": 11261,
        "coords": {
            "lat": 43.1092,
            "lng": 0.7228
        },
        "category": [
            "france_metropole",
            "haute_garonne"
        ]
    },
    {
        "name": "Saint-Orens-de-Gameville",
        "zip": "31650",
        "population": 11830,
        "coords": {
            "lat": 43.5517,
            "lng": 1.5367
        },
        "category": [
            "france_metropole",
            "haute_garonne"
        ]
    },
    {
        "name": "Saint-Jean",
        "zip": "31240",
        "population": 10929,
        "coords": {
            "lat": 43.6664,
            "lng": 1.4997
        },
        "category": [
            "france_metropole",
            "haute_garonne"
        ]
    },
    {
        "name": "Castelginest",
        "zip": "31780",
        "population": 10876,
        "coords": {
            "lat": 43.6936,
            "lng": 1.4297
        },
        "category": [
            "france_metropole",
            "haute_garonne"
        ]
    },
    {
        "name": "Portet-sur-Garonne",
        "zip": "31120",
        "population": 9791,
        "coords": {
            "lat": 43.5239,
            "lng": 1.4089
        },
        "category": [
            "france_metropole",
            "haute_garonne"
        ]
    },
    {
        "name": "Revel",
        "zip": "31250",
        "population": 9665,
        "coords": {
            "lat": 43.4586,
            "lng": 2.0044
        },
        "category": [
            "france_metropole",
            "haute_garonne"
        ]
    },
    {
        "name": "Auterive",
        "zip": "31190",
        "population": 9752,
        "coords": {
            "lat": 43.3517,
            "lng": 1.4772
        },
        "category": [
            "france_metropole",
            "haute_garonne"
        ]
    },
    {
        "name": "Saint-Lys",
        "zip": "31470",
        "population": 9470,
        "coords": {
            "lat": 43.5133,
            "lng": 1.2269
        },
        "category": [
            "france_metropole",
            "haute_garonne"
        ]
    },
    {
        "name": "Villeneuve-Tolosane",
        "zip": "31270",
        "population": 9987,
        "coords": {
            "lat": 43.5231,
            "lng": 1.3417
        },
        "category": [
            "france_metropole",
            "haute_garonne"
        ]
    },
    {
        "name": "Frouzins",
        "zip": "31270",
        "population": 9157,
        "coords": {
            "lat": 43.5126,
            "lng": 1.325
        },
        "category": [
            "france_metropole",
            "haute_garonne"
        ]
    },
    {
        "name": "Léguevin",
        "zip": "31490",
        "population": 9422,
        "coords": {
            "lat": 43.6,
            "lng": 1.2333
        },
        "category": [
            "france_metropole",
            "haute_garonne"
        ]
    },
    {
        "name": "Seysses",
        "zip": "31600",
        "population": 9322,
        "coords": {
            "lat": 43.4983,
            "lng": 1.3125
        },
        "category": [
            "france_metropole",
            "haute_garonne"
        ]
    },
    {
        "name": "Grenade",
        "zip": "31330",
        "population": 8943,
        "coords": {
            "lat": 43.7667,
            "lng": 1.2933
        },
        "category": [
            "france_metropole",
            "haute_garonne"
        ]
    },
    {
        "name": "Pibrac",
        "zip": "31820",
        "population": 8578,
        "coords": {
            "lat": 43.6167,
            "lng": 1.2833
        },
        "category": [
            "france_metropole",
            "haute_garonne"
        ]
    },
    {
        "name": "Aucamville",
        "zip": "31140",
        "population": 8691,
        "coords": {
            "lat": 43.65,
            "lng": 1.4333
        },
        "category": [
            "france_metropole",
            "haute_garonne"
        ]
    },
    {
        "name": "La Salvetat-Saint-Gilles",
        "zip": "31880",
        "population": 8517,
        "coords": {
            "lat": 43.5767,
            "lng": 1.2683
        },
        "category": [
            "france_metropole",
            "haute_garonne"
        ]
    },
    {
        "name": "Aussonne",
        "zip": "31840",
        "population": 7187,
        "coords": {
            "lat": 43.6833,
            "lng": 1.3167
        },
        "category": [
            "france_metropole",
            "haute_garonne"
        ]
    },
    {
        "name": "Escalquens",
        "zip": "31750",
        "population": 6956,
        "coords": {
            "lat": 43.5167,
            "lng": 1.5667
        },
        "category": [
            "france_metropole",
            "haute_garonne"
        ]
    },
    {
        "name": "Albi",
        "zip": "81000",
        "population": 49000,
        "coords": {
            "lat": 43.9289,
            "lng": 2.1464
        },
        "category": [
            "france_region",
            "tarn"
        ]
    },
    {
        "name": "Castres",
        "zip": "81100",
        "population": 41000,
        "coords": {
            "lat": 43.6044,
            "lng": 2.2427
        },
        "category": [
            "france_region",
            "tarn"
        ]
    },
    {
        "name": "Gaillac",
        "zip": "81600",
        "population": 15000,
        "coords": {
            "lat": 43.9006,
            "lng": 1.8972
        },
        "category": [
            "france_region",
            "tarn"
        ]
    },
    {
        "name": "Mazamet",
        "zip": "81200",
        "population": 10000,
        "coords": {
            "lat": 43.4932,
            "lng": 2.3736
        },
        "category": [
            "france_region",
            "tarn"
        ]
    },
    {
        "name": "Carmaux",
        "zip": "81400",
        "population": 9500,
        "coords": {
            "lat": 44.0515,
            "lng": 2.1583
        },
        "category": [
            "france_region",
            "tarn"
        ]
    },
    {
        "name": "Graulhet",
        "zip": "81300",
        "population": 12000,
        "coords": {
            "lat": 43.7607,
            "lng": 1.9892
        },
        "category": [
            "france_region",
            "tarn"
        ]
    },
    {
        "name": "Lavaur",
        "zip": "81500",
        "population": 10000,
        "coords": {
            "lat": 43.6986,
            "lng": 1.815
        },
        "category": [
            "france_region",
            "tarn"
        ]
    },
    {
        "name": "Saint-Sulpice-la-Pointe",
        "zip": "81370",
        "population": 9000,
        "coords": {
            "lat": 43.7744,
            "lng": 1.6869
        },
        "category": [
            "france_region",
            "tarn"
        ]
    },
    {
        "name": "Saint-Juéry",
        "zip": "81160",
        "population": 6600,
        "coords": {
            "lat": 43.9483,
            "lng": 2.2133
        },
        "category": [
            "france_region",
            "tarn"
        ]
    },
    {
        "name": "Aussillon",
        "zip": "81200",
        "population": 5800,
        "coords": {
            "lat": 43.4967,
            "lng": 2.3583
        },
        "category": [
            "france_region",
            "tarn"
        ]
    },
    {
        "name": "Labruguière",
        "zip": "81290",
        "population": 6500,
        "coords": {
            "lat": 43.5228,
            "lng": 2.2611
        },
        "category": [
            "france_region",
            "tarn"
        ]
    },
    {
        "name": "Rabastens",
        "zip": "81800",
        "population": 5600,
        "coords": {
            "lat": 43.8219,
            "lng": 1.7244
        },
        "category": [
            "france_region",
            "tarn"
        ]
    },
    {
        "name": "Lisle-sur-Tarn",
        "zip": "81310",
        "population": 4600,
        "coords": {
            "lat": 43.8519,
            "lng": 1.8106
        },
        "category": [
            "france_region",
            "tarn"
        ]
    },
    {
        "name": "Lescure-d'Albigeois",
        "zip": "81380",
        "population": 4500,
        "coords": {
            "lat": 43.9556,
            "lng": 2.1764
        },
        "category": [
            "france_region",
            "tarn"
        ]
    },
    {
        "name": "Saïx",
        "zip": "81710",
        "population": 3500,
        "coords": {
            "lat": 43.5822,
            "lng": 2.1831
        },
        "category": [
            "france_region",
            "tarn"
        ]
    },
    {
        "name": "Réalmont",
        "zip": "81120",
        "population": 3400,
        "coords": {
            "lat": 43.7761,
            "lng": 2.1906
        },
        "category": [
            "france_region",
            "tarn"
        ]
    },
    {
        "name": "Blaye-les-Mines",
        "zip": "81400",
        "population": 3000,
        "coords": {
            "lat": 44.0306,
            "lng": 2.1306
        },
        "category": [
            "france_region",
            "tarn"
        ]
    },
    {
        "name": "Puylaurens",
        "zip": "81700",
        "population": 3200,
        "coords": {
            "lat": 43.5714,
            "lng": 2.0125
        },
        "category": [
            "france_region",
            "tarn"
        ]
    },
    {
        "name": "Marssac-sur-Tarn",
        "zip": "81150",
        "population": 3100,
        "coords": {
            "lat": 43.9161,
            "lng": 2.0294
        },
        "category": [
            "france_region",
            "tarn"
        ]
    },
    {
        "name": "Cordes-sur-Ciel",
        "zip": "81170",
        "population": 900,
        "coords": {
            "lat": 44.0628,
            "lng": 1.9519
        },
        "category": [
            "france_region",
            "tarn"
        ]
    },
    {
        "name": "Sorèze",
        "zip": "81540",
        "population": 2800,
        "coords": {
            "lat": 43.4533,
            "lng": 2.0678
        },
        "category": [
            "france_region",
            "tarn"
        ]
    },
    {
        "name": "Valence-d'Albigeois",
        "zip": "81340",
        "population": 1300,
        "coords": {
            "lat": 44.0194,
            "lng": 2.4056
        },
        "category": [
            "france_region",
            "tarn"
        ]
    },
    {
        "name": "Lacaune",
        "zip": "81230",
        "population": 2500,
        "coords": {
            "lat": 43.7067,
            "lng": 2.6903
        },
        "category": [
            "france_region",
            "tarn"
        ]
    },
    {
        "name": "Brassac",
        "zip": "81260",
        "population": 1300,
        "coords": {
            "lat": 43.6292,
            "lng": 2.4989
        },
        "category": [
            "france_region",
            "tarn"
        ]
    },
    {
        "name": "Montredon-Labessonnié",
        "zip": "81360",
        "population": 2000,
        "coords": {
            "lat": 43.7192,
            "lng": 2.3283
        },
        "category": [
            "france_region",
            "tarn"
        ]
    },
    {
        "name": "Burlats",
        "zip": "81100",
        "population": 2100,
        "coords": {
            "lat": 43.6364,
            "lng": 2.3181
        },
        "category": [
            "france_region",
            "tarn"
        ]
    },
    {
        "name": "Aiguefonde",
        "zip": "81200",
        "population": 2500,
        "coords": {
            "lat": 43.4939,
            "lng": 2.3167
        },
        "category": [
            "france_region",
            "tarn"
        ]
    },
    {
        "name": "Arthès",
        "zip": "81160",
        "population": 2500,
        "coords": {
            "lat": 43.9422,
            "lng": 2.2033
        },
        "category": [
            "france_region",
            "tarn"
        ]
    },
    {
        "name": "Le Sequestre",
        "zip": "81990",
        "population": 1800,
        "coords": {
            "lat": 43.91,
            "lng": 2.1158
        },
        "category": [
            "france_region",
            "tarn"
        ]
    },
    {
        "name": "Saint-Benoît-de-Carmaux",
        "zip": "81400",
        "population": 2100,
        "coords": {
            "lat": 44.0536,
            "lng": 2.1286
        },
        "category": [
            "france_region",
            "tarn"
        ]
    },
    {
        "name": "Saint-Nazaire",
        "zip": "44600",
        "population": 70619,
        "coords": {
            "lat": 47.2736,
            "lng": -2.2138
        },
        "category": [
            "france_region",
            "loire_atlantique"
        ]
    },
    {
        "name": "Saint-Herblain",
        "zip": "44800",
        "population": 46352,
        "coords": {
            "lat": 47.214,
            "lng": -1.6508
        },
        "category": [
            "france_region",
            "loire_atlantique"
        ]
    },
    {
        "name": "Rezé",
        "zip": "44400",
        "population": 42368,
        "coords": {
            "lat": 47.1921,
            "lng": -1.5694
        },
        "category": [
            "france_region",
            "loire_atlantique"
        ]
    },
    {
        "name": "Saint-Sébastien-sur-Loire",
        "zip": "44230",
        "population": 27493,
        "coords": {
            "lat": 47.2025,
            "lng": -1.5019
        },
        "category": [
            "france_region",
            "loire_atlantique"
        ]
    },
    {
        "name": "Orvault",
        "zip": "44700",
        "population": 27209,
        "coords": {
            "lat": 47.2764,
            "lng": -1.6247
        },
        "category": [
            "france_region",
            "loire_atlantique"
        ]
    },
    {
        "name": "Vertou",
        "zip": "44120",
        "population": 25045,
        "coords": {
            "lat": 47.1683,
            "lng": -1.4772
        },
        "category": [
            "france_region",
            "loire_atlantique"
        ]
    },
    {
        "name": "Couëron",
        "zip": "44220",
        "population": 22309,
        "coords": {
            "lat": 47.2153,
            "lng": -1.7247
        },
        "category": [
            "france_region",
            "loire_atlantique"
        ]
    },
    {
        "name": "Carquefou",
        "zip": "44470",
        "population": 20365,
        "coords": {
            "lat": 47.2961,
            "lng": -1.4925
        },
        "category": [
            "france_region",
            "loire_atlantique"
        ]
    },
    {
        "name": "La Chapelle-sur-Erdre",
        "zip": "44240",
        "population": 19609,
        "coords": {
            "lat": 47.2967,
            "lng": -1.5542
        },
        "category": [
            "france_region",
            "loire_atlantique"
        ]
    },
    {
        "name": "Bouguenais",
        "zip": "44340",
        "population": 19903,
        "coords": {
            "lat": 47.1783,
            "lng": -1.6225
        },
        "category": [
            "france_region",
            "loire_atlantique"
        ]
    },
    {
        "name": "La Baule-Escoublac",
        "zip": "44500",
        "population": 16132,
        "coords": {
            "lat": 47.2869,
            "lng": -2.3953
        },
        "category": [
            "france_region",
            "loire_atlantique"
        ]
    },
    {
        "name": "Guérande",
        "zip": "44350",
        "population": 16112,
        "coords": {
            "lat": 47.3292,
            "lng": -2.4294
        },
        "category": [
            "france_region",
            "loire_atlantique"
        ]
    },
    {
        "name": "Pornic",
        "zip": "44210",
        "population": 15570,
        "coords": {
            "lat": 47.1149,
            "lng": -2.1028
        },
        "category": [
            "france_region",
            "loire_atlantique"
        ]
    },
    {
        "name": "Châteaubriant",
        "zip": "44110",
        "population": 12011,
        "coords": {
            "lat": 47.7192,
            "lng": -1.3789
        },
        "category": [
            "france_region",
            "loire_atlantique"
        ]
    },
    {
        "name": "Saint-Brevin-les-Pins",
        "zip": "44250",
        "population": 14287,
        "coords": {
            "lat": 47.2472,
            "lng": -2.1661
        },
        "category": [
            "france_region",
            "loire_atlantique"
        ]
    },
    {
        "name": "Sainte-Luce-sur-Loire",
        "zip": "44980",
        "population": 15238,
        "coords": {
            "lat": 47.2486,
            "lng": -1.4883
        },
        "category": [
            "france_region",
            "loire_atlantique"
        ]
    },
    {
        "name": "Pornichet",
        "zip": "44380",
        "population": 10952,
        "coords": {
            "lat": 47.2611,
            "lng": -2.3386
        },
        "category": [
            "france_region",
            "loire_atlantique"
        ]
    },
    {
        "name": "Pontchâteau",
        "zip": "44160",
        "population": 10771,
        "coords": {
            "lat": 47.4361,
            "lng": -2.0886
        },
        "category": [
            "france_region",
            "loire_atlantique"
        ]
    },
    {
        "name": "Blain",
        "zip": "44130",
        "population": 9954,
        "coords": {
            "lat": 47.4756,
            "lng": -1.7633
        },
        "category": [
            "france_region",
            "loire_atlantique"
        ]
    },
    {
        "name": "Basse-Goulaine",
        "zip": "44115",
        "population": 9092,
        "coords": {
            "lat": 47.2164,
            "lng": -1.4644
        },
        "category": [
            "france_region",
            "loire_atlantique"
        ]
    },
    {
        "name": "Vallet",
        "zip": "44330",
        "population": 9182,
        "coords": {
            "lat": 47.1611,
            "lng": -1.2661
        },
        "category": [
            "france_region",
            "loire_atlantique"
        ]
    },
    {
        "name": "Treillières",
        "zip": "44119",
        "population": 9219,
        "coords": {
            "lat": 47.3308,
            "lng": -1.6192
        },
        "category": [
            "france_region",
            "loire_atlantique"
        ]
    },
    {
        "name": "Thouaré-sur-Loire",
        "zip": "44470",
        "population": 10261,
        "coords": {
            "lat": 47.2664,
            "lng": -1.4406
        },
        "category": [
            "france_region",
            "loire_atlantique"
        ]
    },
    {
        "name": "Ancenis-Saint-Géréon",
        "zip": "44150",
        "population": 11012,
        "coords": {
            "lat": 47.3622,
            "lng": -1.1764
        },
        "category": [
            "france_region",
            "loire_atlantique"
        ]
    },
    {
        "name": "Savenay",
        "zip": "44260",
        "population": 8689,
        "coords": {
            "lat": 47.3614,
            "lng": -1.9422
        },
        "category": [
            "france_region",
            "loire_atlantique"
        ]
    },
    {
        "name": "Trignac",
        "zip": "44570",
        "population": 7983,
        "coords": {
            "lat": 47.3183,
            "lng": -2.1883
        },
        "category": [
            "france_region",
            "loire_atlantique"
        ]
    },
    {
        "name": "Sautron",
        "zip": "44880",
        "population": 8451,
        "coords": {
            "lat": 47.2625,
            "lng": -1.6661
        },
        "category": [
            "france_region",
            "loire_atlantique"
        ]
    },
    {
        "name": "Donges",
        "zip": "44480",
        "population": 8152,
        "coords": {
            "lat": 47.3203,
            "lng": -2.0683
        },
        "category": [
            "france_region",
            "loire_atlantique"
        ]
    },
    {
        "name": "Saint-Julien-de-Concelles",
        "zip": "44450",
        "population": 7123,
        "coords": {
            "lat": 47.2536,
            "lng": -1.3933
        },
        "category": [
            "france_region",
            "loire_atlantique"
        ]
    },
    {
        "name": "Rodez",
        "zip": "12000",
        "population": 24057,
        "coords": {
            "lat": 44.3506,
            "lng": 2.575
        },
        "category": [
            "france_region",
            "aveyron"
        ]
    },
    {
        "name": "Millau",
        "zip": "12100",
        "population": 22002,
        "coords": {
            "lat": 44.1011,
            "lng": 3.0786
        },
        "category": [
            "france_region",
            "aveyron"
        ]
    },
    {
        "name": "Villefranche-de-Rouergue",
        "zip": "12200",
        "population": 11781,
        "coords": {
            "lat": 44.3517,
            "lng": 2.0353
        },
        "category": [
            "france_region",
            "aveyron"
        ]
    },
    {
        "name": "Onet-le-Château",
        "zip": "12850",
        "population": 11659,
        "coords": {
            "lat": 44.3883,
            "lng": 2.57
        },
        "category": [
            "france_region",
            "aveyron"
        ]
    },
    {
        "name": "Saint-Affrique",
        "zip": "12400",
        "population": 8023,
        "coords": {
            "lat": 43.9594,
            "lng": 2.8872
        },
        "category": [
            "france_region",
            "aveyron"
        ]
    },
    {
        "name": "Decazeville",
        "zip": "12300",
        "population": 5353,
        "coords": {
            "lat": 44.5572,
            "lng": 2.2519
        },
        "category": [
            "france_region",
            "aveyron"
        ]
    },
    {
        "name": "Luc-la-Primaube",
        "zip": "12450",
        "population": 6000,
        "coords": {
            "lat": 44.3161,
            "lng": 2.5539
        },
        "category": [
            "france_region",
            "aveyron"
        ]
    },
    {
        "name": "Capdenac-Gare",
        "zip": "12700",
        "population": 4407,
        "coords": {
            "lat": 44.5778,
            "lng": 2.0831
        },
        "category": [
            "france_region",
            "aveyron"
        ]
    },
    {
        "name": "Espalion",
        "zip": "12500",
        "population": 4601,
        "coords": {
            "lat": 44.5208,
            "lng": 2.7633
        },
        "category": [
            "france_region",
            "aveyron"
        ]
    },
    {
        "name": "Aubin",
        "zip": "12110",
        "population": 3741,
        "coords": {
            "lat": 44.5283,
            "lng": 2.2472
        },
        "category": [
            "france_region",
            "aveyron"
        ]
    },
    {
        "name": "Sévérac-d'Aveyron",
        "zip": "12150",
        "population": 4062,
        "coords": {
            "lat": 44.3217,
            "lng": 3.0708
        },
        "category": [
            "france_region",
            "aveyron"
        ]
    },
    {
        "name": "Olemps",
        "zip": "12510",
        "population": 3425,
        "coords": {
            "lat": 44.3417,
            "lng": 2.5622
        },
        "category": [
            "france_region",
            "aveyron"
        ]
    },
    {
        "name": "Baraqueville",
        "zip": "12160",
        "population": 3144,
        "coords": {
            "lat": 44.2764,
            "lng": 2.4331
        },
        "category": [
            "france_region",
            "aveyron"
        ]
    },
    {
        "name": "Bozouls",
        "zip": "12340",
        "population": 2886,
        "coords": {
            "lat": 44.4711,
            "lng": 2.7214
        },
        "category": [
            "france_region",
            "aveyron"
        ]
    },
    {
        "name": "Laissac-Sévérac l'Église",
        "zip": "12310",
        "population": 2147,
        "coords": {
            "lat": 44.38,
            "lng": 2.83
        },
        "category": [
            "france_region",
            "aveyron"
        ]
    },
    {
        "name": "Marcillac-Vallon",
        "zip": "12330",
        "population": 1729,
        "coords": {
            "lat": 44.4742,
            "lng": 2.4631
        },
        "category": [
            "france_region",
            "aveyron"
        ]
    },
    {
        "name": "Rieupeyroux",
        "zip": "12240",
        "population": 1961,
        "coords": {
            "lat": 44.3075,
            "lng": 2.2367
        },
        "category": [
            "france_region",
            "aveyron"
        ]
    },
    {
        "name": "Saint-Geniez-d'Olt-et-d'Aubrac",
        "zip": "12130",
        "population": 2192,
        "coords": {
            "lat": 44.465,
            "lng": 2.9733
        },
        "category": [
            "france_region",
            "aveyron"
        ]
    },
    {
        "name": "Naucelle",
        "zip": "12800",
        "population": 2008,
        "coords": {
            "lat": 44.1978,
            "lng": 2.3425
        },
        "category": [
            "france_region",
            "aveyron"
        ]
    },
    {
        "name": "Réquista",
        "zip": "12170",
        "population": 1994,
        "coords": {
            "lat": 44.0325,
            "lng": 2.5358
        },
        "category": [
            "france_region",
            "aveyron"
        ]
    },
    {
        "name": "Montbazens",
        "zip": "12220",
        "population": 1407,
        "coords": {
            "lat": 44.4764,
            "lng": 2.2294
        },
        "category": [
            "france_region",
            "aveyron"
        ]
    },
    {
        "name": "Laguiole",
        "zip": "12210",
        "population": 1234,
        "coords": {
            "lat": 44.6839,
            "lng": 2.8461
        },
        "category": [
            "france_region",
            "aveyron"
        ]
    },
    {
        "name": "Salles-Curan",
        "zip": "12410",
        "population": 1005,
        "coords": {
            "lat": 44.1817,
            "lng": 2.7889
        },
        "category": [
            "france_region",
            "aveyron"
        ]
    },
    {
        "name": "Sainte-Radegonde",
        "zip": "12850",
        "population": 1756,
        "coords": {
            "lat": 44.3364,
            "lng": 2.6289
        },
        "category": [
            "france_region",
            "aveyron"
        ]
    },
    {
        "name": "Villeneuve",
        "zip": "12260",
        "population": 1988,
        "coords": {
            "lat": 44.4372,
            "lng": 2.0306
        },
        "category": [
            "france_region",
            "aveyron"
        ]
    },
    {
        "name": "Pont-de-Salars",
        "zip": "12290",
        "population": 1645,
        "coords": {
            "lat": 44.2817,
            "lng": 2.73
        },
        "category": [
            "france_region",
            "aveyron"
        ]
    },
    {
        "name": "Entraygues-sur-Truyère",
        "zip": "12140",
        "population": 981,
        "coords": {
            "lat": 44.6461,
            "lng": 2.5658
        },
        "category": [
            "france_region",
            "aveyron"
        ]
    },
    {
        "name": "Livinhac-le-Haut",
        "zip": "12300",
        "population": 1122,
        "coords": {
            "lat": 44.5908,
            "lng": 2.2333
        },
        "category": [
            "france_region",
            "aveyron"
        ]
    },
    {
        "name": "Cransac",
        "zip": "12110",
        "population": 1473,
        "coords": {
            "lat": 44.5261,
            "lng": 2.2858
        },
        "category": [
            "france_region",
            "aveyron"
        ]
    },
    {
        "name": "Flavin",
        "zip": "12450",
        "population": 2331,
        "coords": {
            "lat": 44.2894,
            "lng": 2.5975
        },
        "category": [
            "france_region",
            "aveyron"
        ]
    }
]